Location,Period,Rural,Total,Urban
Afghanistan,2005,27.0,36.0,67.0
Afghanistan,2006,27.0,36.0,67.0
Afghanistan,2007,27.0,36.0,67.0
Afghanistan,2008,27.0,37.0,67.0
Afghanistan,2009,27.0,37.0,67.0
Afghanistan,2010,28.0,38.0,67.0
Afghanistan,2011,30.0,38.0,66.0
Afghanistan,2012,31.0,39.0,65.0
Afghanistan,2013,32.0,40.0,65.0
Afghanistan,2014,34.0,41.0,64.0
Afghanistan,2015,35.0,42.0,63.0
Afghanistan,2016,36.0,43.0,63.0
Afghanistan,2017,38.0,44.0,62.0
Afghanistan,2018,39.0,45.0,61.0
Afghanistan,2019,40.0,46.0,61.0
Afghanistan,2020,42.0,47.0,60.0
Afghanistan,2021,43.0,47.0,59.0
Afghanistan,2022,44.0,48.0,59.0
Algeria,2007,73.0,83.0,88.0
Algeria,2008,73.0,83.0,88.0
Algeria,2009,73.0,83.0,88.0
Algeria,2010,73.0,83.0,88.0
Algeria,2011,73.0,83.0,88.0
Algeria,2012,73.0,84.0,88.0
Algeria,2013,73.0,84.0,88.0
Algeria,2014,74.0,84.0,88.0
Algeria,2015,74.0,84.0,88.0
Algeria,2016,74.0,84.0,88.0
Algeria,2017,74.0,84.0,88.0
Algeria,2018,75.0,84.0,88.0
Algeria,2019,75.0,85.0,88.0
Algeria,2020,75.0,85.0,88.0
Algeria,2021,75.0,85.0,88.0
Algeria,2022,75.0,85.0,88.0
Angola,2012,13.0,26.0,34.0
Angola,2013,13.0,26.0,34.0
Angola,2014,13.0,26.0,34.0
Angola,2015,13.0,26.0,34.0
Angola,2016,13.0,27.0,34.0
Angola,2017,13.0,27.0,34.0
Angola,2018,13.0,27.0,34.0
Angola,2019,13.0,27.0,34.0
Angola,2020,13.0,27.0,34.0
Armenia,2000,66.0,83.0,93.0
Armenia,2001,67.0,84.0,93.0
Armenia,2002,68.0,84.0,93.0
Armenia,2003,70.0,85.0,94.0
Armenia,2004,71.0,86.0,94.0
Armenia,2005,73.0,86.0,94.0
Armenia,2006,74.0,87.0,94.0
Armenia,2007,76.0,88.0,94.0
Armenia,2008,77.0,88.0,95.0
Armenia,2009,78.0,89.0,95.0
Armenia,2010,80.0,89.0,95.0
Armenia,2011,81.0,90.0,95.0
Armenia,2012,83.0,91.0,96.0
Armenia,2013,84.0,91.0,96.0
Armenia,2014,85.0,92.0,96.0
Armenia,2015,87.0,93.0,96.0
Armenia,2016,88.0,93.0,96.0
Armenia,2017,90.0,94.0,97.0
Armenia,2018,90.0,94.0,97.0
Armenia,2019,90.0,94.0,97.0
Armenia,2020,90.0,94.0,97.0
Armenia,2021,90.0,94.0,97.0
Armenia,2022,90.0,94.0,97.0
Azerbaijan,2009,87.0,89.0,91.0
Azerbaijan,2010,87.0,89.0,91.0
Azerbaijan,2011,87.0,89.0,91.0
Azerbaijan,2012,87.0,89.0,91.0
Azerbaijan,2013,87.0,89.0,91.0
Azerbaijan,2014,87.0,89.0,91.0
Azerbaijan,2015,87.0,89.0,91.0
Azerbaijan,2016,87.0,89.0,91.0
Azerbaijan,2017,87.0,89.0,91.0
Bahrain,2000,0.0,100.0,0.0
Bahrain,2001,0.0,100.0,0.0
Bahrain,2002,0.0,100.0,0.0
Bahrain,2003,0.0,100.0,0.0
Bahrain,2004,0.0,100.0,0.0
Bahrain,2005,0.0,100.0,0.0
Bahrain,2006,0.0,100.0,0.0
Bahrain,2007,0.0,100.0,0.0
Bahrain,2008,0.0,100.0,0.0
Bahrain,2009,0.0,100.0,0.0
Bahrain,2010,0.0,100.0,0.0
Bahrain,2011,0.0,100.0,0.0
Bahrain,2012,0.0,100.0,0.0
Bahrain,2013,0.0,100.0,0.0
Bahrain,2014,0.0,100.0,0.0
Bahrain,2015,0.0,100.0,0.0
Bahrain,2016,0.0,100.0,0.0
Bahrain,2017,0.0,100.0,0.0
Bahrain,2018,0.0,100.0,0.0
Bahrain,2019,0.0,100.0,0.0
Bahrain,2020,0.0,100.0,0.0
Bahrain,2021,0.0,100.0,0.0
Bahrain,2022,0.0,100.0,0.0
Bangladesh,2005,11.0,20.0,43.0
Bangladesh,2006,11.0,20.0,43.0
Bangladesh,2007,11.0,20.0,43.0
Bangladesh,2008,11.0,21.0,43.0
Bangladesh,2009,11.0,21.0,43.0
Bangladesh,2010,15.0,24.0,45.0
Bangladesh,2011,19.0,28.0,47.0
Bangladesh,2012,23.0,31.0,49.0
Bangladesh,2013,27.0,35.0,51.0
Bangladesh,2014,31.0,38.0,53.0
Bangladesh,2015,35.0,42.0,55.0
Bangladesh,2016,38.0,45.0,58.0
Bangladesh,2017,42.0,48.0,60.0
Bangladesh,2018,46.0,52.0,62.0
Bangladesh,2019,50.0,55.0,64.0
Bangladesh,2020,54.0,58.0,66.0
Bangladesh,2021,58.0,62.0,68.0
Bangladesh,2022,58.0,62.0,68.0
Barbados,2008,0.0,88.0,0.0
Barbados,2009,0.0,88.0,0.0
Barbados,2010,0.0,88.0,0.0
Barbados,2011,0.0,88.0,0.0
Barbados,2012,0.0,88.0,0.0
Barbados,2013,0.0,88.0,0.0
Barbados,2014,0.0,88.0,0.0
Barbados,2015,0.0,88.0,0.0
Barbados,2016,0.0,88.0,0.0
Belize,2005,84.0,82.0,79.0
Belize,2006,84.0,82.0,79.0
Belize,2007,84.0,82.0,79.0
Belize,2008,84.0,82.0,79.0
Belize,2009,84.0,82.0,79.0
Belize,2010,86.0,83.0,80.0
Belize,2011,86.0,84.0,82.0
Belize,2012,87.0,85.0,83.0
Belize,2013,87.0,86.0,85.0
Belize,2014,87.0,87.0,86.0
Belize,2015,88.0,88.0,88.0
Belize,2016,88.0,89.0,89.0
Belize,2017,88.0,89.0,91.0
Belize,2018,89.0,90.0,92.0
Belize,2019,89.0,90.0,92.0
Belize,2020,89.0,90.0,92.0
Belize,2021,89.0,90.0,92.0
Belize,2022,89.0,90.0,92.0
Benin,2000,0.0,2.0,4.0
Benin,2001,0.0,2.0,5.0
Benin,2002,0.0,2.0,5.0
Benin,2003,0.0,3.0,6.0
Benin,2004,1.0,3.0,7.0
Benin,2005,1.0,4.0,7.0
Benin,2006,2.0,4.0,8.0
Benin,2007,2.0,5.0,9.0
Benin,2008,3.0,5.0,9.0
Benin,2009,3.0,6.0,10.0
Benin,2010,4.0,6.0,10.0
Benin,2011,4.0,7.0,11.0
Benin,2012,4.0,8.0,12.0
Benin,2013,5.0,8.0,12.0
Benin,2014,5.0,9.0,13.0
Benin,2015,6.0,9.0,13.0
Benin,2016,6.0,10.0,14.0
Benin,2017,7.0,10.0,15.0
Benin,2018,7.0,11.0,15.0
Benin,2019,7.0,11.0,16.0
Benin,2020,8.0,12.0,17.0
Benin,2021,8.0,12.0,17.0
Benin,2022,8.0,12.0,17.0
Bhutan,2004,71.0,76.0,86.0
Bhutan,2005,71.0,76.0,86.0
Bhutan,2006,71.0,76.0,86.0
Bhutan,2007,71.0,76.0,86.0
Bhutan,2008,71.0,76.0,86.0
Bhutan,2009,73.0,78.0,87.0
Bhutan,2010,75.0,79.0,87.0
Bhutan,2011,77.0,81.0,87.0
Bhutan,2012,79.0,82.0,87.0
Bhutan,2013,81.0,83.0,88.0
Bhutan,2014,83.0,85.0,88.0
Bhutan,2015,85.0,86.0,88.0
Bhutan,2016,87.0,87.0,88.0
Bhutan,2017,88.0,88.0,89.0
Bhutan,2018,90.0,90.0,89.0
Bhutan,2019,92.0,91.0,89.0
Bhutan,2020,94.0,92.0,89.0
Bhutan,2021,96.0,93.0,90.0
Bhutan,2022,96.0,93.0,90.0
Bolivia (Plurinational State of),2010,22.0,27.0,29.0
Bolivia (Plurinational State of),2011,22.0,27.0,29.0
Bolivia (Plurinational State of),2012,22.0,27.0,29.0
Bolivia (Plurinational State of),2013,22.0,27.0,29.0
Bolivia (Plurinational State of),2014,22.0,27.0,29.0
Bolivia (Plurinational State of),2015,22.0,27.0,29.0
Bolivia (Plurinational State of),2016,22.0,27.0,29.0
Bolivia (Plurinational State of),2017,22.0,27.0,29.0
Bolivia (Plurinational State of),2018,22.0,27.0,29.0
Bolivia (Plurinational State of),2019,22.0,27.0,29.0
Bolivia (Plurinational State of),2020,22.0,27.0,29.0
Bolivia (Plurinational State of),2021,22.0,27.0,29.0
Bolivia (Plurinational State of),2022,22.0,27.0,29.0
Bosnia and Herzegovina,2008,96.0,97.0,99.0
Bosnia and Herzegovina,2009,96.0,97.0,99.0
Bosnia and Herzegovina,2010,96.0,97.0,99.0
Bosnia and Herzegovina,2011,96.0,97.0,99.0
Bosnia and Herzegovina,2012,96.0,97.0,99.0
Bosnia and Herzegovina,2013,96.0,97.0,99.0
Bosnia and Herzegovina,2014,96.0,97.0,99.0
Bosnia and Herzegovina,2015,96.0,97.0,99.0
Bosnia and Herzegovina,2016,96.0,97.0,99.0
Burkina Faso,2000,3.0,7.0,25.0
Burkina Faso,2001,3.0,7.0,25.0
Burkina Faso,2002,3.0,7.0,25.0
Burkina Faso,2003,3.0,8.0,24.0
Burkina Faso,2004,4.0,8.0,24.0
Burkina Faso,2005,4.0,8.0,24.0
Burkina Faso,2006,4.0,8.0,23.0
Burkina Faso,2007,4.0,8.0,23.0
Burkina Faso,2008,4.0,8.0,22.0
Burkina Faso,2009,4.0,8.0,22.0
Burkina Faso,2010,4.0,8.0,21.0
Burkina Faso,2011,4.0,9.0,21.0
Burkina Faso,2012,4.0,9.0,21.0
Burkina Faso,2013,5.0,9.0,20.0
Burkina Faso,2014,5.0,9.0,20.0
Burkina Faso,2015,5.0,9.0,19.0
Burkina Faso,2016,5.0,9.0,19.0
Burkina Faso,2017,5.0,9.0,18.0
Burkina Faso,2018,5.0,9.0,18.0
Burkina Faso,2019,5.0,9.0,17.0
Burkina Faso,2020,5.0,9.0,17.0
Burkina Faso,2021,5.0,9.0,17.0
Burkina Faso,2022,5.0,9.0,17.0
Burundi,2004,4.0,6.0,24.0
Burundi,2005,4.0,6.0,24.0
Burundi,2006,4.0,6.0,24.0
Burundi,2007,4.0,6.0,24.0
Burundi,2008,4.0,6.0,24.0
Burundi,2009,4.0,6.0,24.0
Burundi,2010,4.0,6.0,24.0
Burundi,2011,4.0,6.0,23.0
Burundi,2012,4.0,6.0,23.0
Burundi,2013,4.0,6.0,22.0
Burundi,2014,4.0,6.0,22.0
Burundi,2015,4.0,6.0,21.0
Burundi,2016,4.0,6.0,21.0
Burundi,2017,4.0,6.0,20.0
Burundi,2018,4.0,6.0,20.0
Burundi,2019,4.0,6.0,19.0
Burundi,2020,4.0,6.0,19.0
Burundi,2021,4.0,6.0,19.0
Burundi,2022,4.0,6.0,19.0
Cambodia,2008,54.0,60.0,88.0
Cambodia,2009,54.0,61.0,88.0
Cambodia,2010,54.0,61.0,88.0
Cambodia,2011,54.0,61.0,88.0
Cambodia,2012,54.0,61.0,88.0
Cambodia,2013,57.0,63.0,88.0
Cambodia,2014,59.0,66.0,88.0
Cambodia,2015,62.0,68.0,88.0
Cambodia,2016,65.0,70.0,88.0
Cambodia,2017,68.0,72.0,88.0
Cambodia,2018,71.0,75.0,88.0
Cambodia,2019,73.0,77.0,88.0
Cambodia,2020,76.0,79.0,88.0
Cambodia,2021,79.0,81.0,88.0
Cambodia,2022,82.0,83.0,88.0
Cameroon,2015,22.0,36.0,47.0
Cameroon,2016,22.0,36.0,47.0
Cameroon,2017,22.0,36.0,47.0
Cameroon,2018,22.0,36.0,47.0
Cameroon,2019,22.0,36.0,47.0
Cameroon,2020,22.0,36.0,47.0
Cameroon,2021,22.0,37.0,47.0
Cameroon,2022,22.0,37.0,47.0
Central African Republic,2004,13.0,16.0,20.0
Central African Republic,2005,13.0,16.0,20.0
Central African Republic,2006,13.0,16.0,20.0
Central African Republic,2007,13.0,16.0,20.0
Central African Republic,2008,13.0,16.0,20.0
Central African Republic,2009,13.0,16.0,21.0
Central African Republic,2010,13.0,17.0,22.0
Central African Republic,2011,13.0,17.0,24.0
Central African Republic,2012,13.0,18.0,25.0
Central African Republic,2013,13.0,18.0,26.0
Central African Republic,2014,13.0,18.0,27.0
Central African Republic,2015,13.0,19.0,28.0
Central African Republic,2016,13.0,19.0,29.0
Central African Republic,2017,12.0,20.0,31.0
Central African Republic,2018,12.0,20.0,32.0
Central African Republic,2019,12.0,21.0,33.0
Central African Republic,2020,12.0,22.0,34.0
Central African Republic,2021,12.0,22.0,35.0
Central African Republic,2022,12.0,22.0,35.0
Chad,2004,8.0,15.0,40.0
Chad,2005,8.0,15.0,40.0
Chad,2006,8.0,15.0,40.0
Chad,2007,8.0,15.0,40.0
Chad,2008,8.0,15.0,40.0
Chad,2009,9.0,16.0,40.0
Chad,2010,10.0,16.0,39.0
Chad,2011,11.0,17.0,39.0
Chad,2012,13.0,18.0,38.0
Chad,2013,14.0,19.0,38.0
Chad,2014,15.0,20.0,37.0
Chad,2015,16.0,21.0,37.0
Chad,2016,17.0,22.0,36.0
Chad,2017,19.0,23.0,36.0
Chad,2018,20.0,24.0,35.0
Chad,2019,21.0,24.0,35.0
Chad,2020,22.0,25.0,35.0
Chad,2021,24.0,26.0,34.0
Chad,2022,24.0,26.0,34.0
China,2017,95.0,97.0,98.0
China,2018,95.0,97.0,98.0
China,2019,95.0,97.0,98.0
China,2020,95.0,97.0,98.0
China,2021,95.0,97.0,98.0
China,2022,95.0,97.0,98.0
Colombia,2011,33.0,68.0,78.0
Colombia,2012,33.0,69.0,78.0
Colombia,2013,33.0,69.0,78.0
Colombia,2014,33.0,69.0,78.0
Colombia,2015,33.0,69.0,78.0
Colombia,2016,33.0,69.0,78.0
Colombia,2017,33.0,69.0,78.0
Colombia,2018,33.0,70.0,78.0
Colombia,2019,33.0,70.0,78.0
Colombia,2020,33.0,70.0,78.0
Colombia,2021,33.0,70.0,78.0
Colombia,2022,33.0,70.0,78.0
Comoros,2008,15.0,16.0,18.0
Comoros,2009,15.0,16.0,18.0
Comoros,2010,15.0,16.0,18.0
Comoros,2011,15.0,16.0,18.0
Comoros,2012,15.0,16.0,18.0
Comoros,2013,15.0,16.0,18.0
Comoros,2014,15.0,16.0,18.0
Comoros,2015,15.0,16.0,18.0
Comoros,2016,15.0,16.0,18.0
Congo,2011,32.0,47.0,56.0
Congo,2012,32.0,47.0,56.0
Congo,2013,32.0,48.0,56.0
Congo,2014,32.0,48.0,56.0
Congo,2015,32.0,48.0,56.0
Congo,2016,32.0,48.0,56.0
Congo,2017,32.0,48.0,56.0
Congo,2018,32.0,48.0,56.0
Congo,2019,32.0,48.0,56.0
Costa Rica,2005,83.0,83.0,84.0
Costa Rica,2006,83.0,83.0,84.0
Costa Rica,2007,83.0,83.0,84.0
Costa Rica,2008,83.0,83.0,84.0
Costa Rica,2009,83.0,83.0,84.0
Costa Rica,2010,83.0,84.0,84.0
Costa Rica,2011,83.0,84.0,84.0
Costa Rica,2012,83.0,84.0,84.0
Costa Rica,2013,83.0,84.0,85.0
Costa Rica,2014,83.0,85.0,85.0
Costa Rica,2015,83.0,85.0,85.0
Costa Rica,2016,83.0,85.0,85.0
Costa Rica,2017,83.0,85.0,86.0
Costa Rica,2018,83.0,85.0,86.0
Costa Rica,2019,83.0,86.0,86.0
Costa Rica,2020,83.0,86.0,87.0
Costa Rica,2021,83.0,86.0,87.0
Costa Rica,2022,83.0,86.0,87.0
Cote d'Ivoire,2006,7.0,15.0,24.0
Cote d'Ivoire,2007,7.0,15.0,24.0
Cote d'Ivoire,2008,7.0,15.0,24.0
Cote d'Ivoire,2009,7.0,15.0,24.0
Cote d'Ivoire,2010,7.0,15.0,24.0
Cote d'Ivoire,2011,7.0,16.0,25.0
Cote d'Ivoire,2012,8.0,16.0,26.0
Cote d'Ivoire,2013,8.0,17.0,26.0
Cote d'Ivoire,2014,9.0,18.0,27.0
Cote d'Ivoire,2015,9.0,18.0,28.0
Cote d'Ivoire,2016,9.0,19.0,28.0
Cote d'Ivoire,2017,10.0,20.0,29.0
Cote d'Ivoire,2018,10.0,20.0,30.0
Cote d'Ivoire,2019,11.0,21.0,31.0
Cote d'Ivoire,2020,11.0,22.0,31.0
Cote d'Ivoire,2021,11.0,22.0,31.0
Cote d'Ivoire,2022,11.0,22.0,31.0
Cuba,2008,73.0,83.0,86.0
Cuba,2009,73.0,83.0,86.0
Cuba,2010,73.0,83.0,86.0
Cuba,2011,73.0,83.0,86.0
Cuba,2012,73.0,83.0,86.0
Cuba,2013,74.0,84.0,87.0
Cuba,2014,76.0,85.0,88.0
Cuba,2015,78.0,86.0,89.0
Cuba,2016,80.0,88.0,90.0
Cuba,2017,81.0,89.0,91.0
Cuba,2018,83.0,90.0,92.0
Cuba,2019,85.0,91.0,93.0
Cuba,2020,86.0,92.0,94.0
Cuba,2021,88.0,93.0,95.0
Cuba,2022,88.0,93.0,95.0
Democratic Republic of the Congo,2014,12.0,19.0,27.0
Democratic Republic of the Congo,2015,12.0,19.0,27.0
Democratic Republic of the Congo,2016,12.0,19.0,27.0
Democratic Republic of the Congo,2017,12.0,19.0,27.0
Democratic Republic of the Congo,2018,12.0,19.0,27.0
Democratic Republic of the Congo,2019,12.0,19.0,27.0
Democratic Republic of the Congo,2020,12.0,19.0,27.0
Democratic Republic of the Congo,2021,12.0,19.0,27.0
Democratic Republic of the Congo,2022,12.0,19.0,27.0
Dominican Republic,2008,41.0,53.0,57.0
Dominican Republic,2009,41.0,53.0,57.0
Dominican Republic,2010,41.0,53.0,57.0
Dominican Republic,2011,41.0,53.0,57.0
Dominican Republic,2012,41.0,54.0,57.0
Dominican Republic,2013,40.0,53.0,57.0
Dominican Republic,2014,40.0,52.0,56.0
Dominican Republic,2015,39.0,52.0,55.0
Dominican Republic,2016,38.0,51.0,55.0
Dominican Republic,2017,37.0,51.0,54.0
Dominican Republic,2018,36.0,50.0,53.0
Dominican Republic,2019,35.0,49.0,53.0
Dominican Republic,2020,34.0,49.0,52.0
Dominican Republic,2021,33.0,48.0,51.0
Dominican Republic,2022,33.0,48.0,51.0
Ecuador,2010,79.0,87.0,92.0
Ecuador,2011,79.0,87.0,92.0
Ecuador,2012,79.0,87.0,92.0
Ecuador,2013,79.0,87.0,92.0
Ecuador,2014,79.0,87.0,92.0
Ecuador,2015,79.0,87.0,92.0
Ecuador,2016,79.0,87.0,92.0
Ecuador,2017,79.0,87.0,92.0
Ecuador,2018,79.0,87.0,92.0
Ecuador,2019,79.0,87.0,92.0
Ecuador,2020,79.0,87.0,92.0
Ecuador,2021,79.0,87.0,92.0
Ecuador,2022,79.0,87.0,92.0
Egypt,2000,51.0,66.0,86.0
Egypt,2001,53.0,68.0,87.0
Egypt,2002,56.0,69.0,87.0
Egypt,2003,58.0,71.0,87.0
Egypt,2004,60.0,72.0,88.0
Egypt,2005,62.0,74.0,88.0
Egypt,2006,65.0,75.0,89.0
Egypt,2007,67.0,77.0,89.0
Egypt,2008,69.0,78.0,89.0
Egypt,2009,72.0,79.0,90.0
Egypt,2010,74.0,81.0,90.0
Egypt,2011,76.0,82.0,91.0
Egypt,2012,78.0,84.0,91.0
Egypt,2013,81.0,85.0,92.0
Egypt,2014,83.0,87.0,92.0
Egypt,2015,85.0,88.0,92.0
Egypt,2016,88.0,90.0,93.0
Egypt,2017,88.0,90.0,93.0
Egypt,2018,88.0,90.0,93.0
Egypt,2019,88.0,90.0,93.0
Egypt,2020,88.0,90.0,93.0
El Salvador,2010,86.0,90.0,92.0
El Salvador,2011,86.0,90.0,92.0
El Salvador,2012,86.0,90.0,92.0
El Salvador,2013,86.0,90.0,92.0
El Salvador,2014,86.0,91.0,92.0
El Salvador,2015,86.0,91.0,92.0
El Salvador,2016,86.0,91.0,92.0
El Salvador,2017,86.0,91.0,92.0
El Salvador,2018,86.0,91.0,92.0
Equatorial Guinea,2007,20.0,24.0,26.0
Equatorial Guinea,2008,20.0,24.0,26.0
Equatorial Guinea,2009,20.0,24.0,26.0
Equatorial Guinea,2010,20.0,24.0,26.0
Equatorial Guinea,2011,20.0,24.0,26.0
Equatorial Guinea,2012,20.0,24.0,26.0
Equatorial Guinea,2013,20.0,24.0,26.0
Equatorial Guinea,2014,20.0,24.0,26.0
Equatorial Guinea,2015,20.0,24.0,26.0
Eswatini,2004,17.0,24.0,48.0
Eswatini,2005,17.0,24.0,48.0
Eswatini,2006,17.0,24.0,48.0
Eswatini,2007,17.0,24.0,48.0
Eswatini,2008,17.0,24.0,48.0
Eswatini,2009,17.0,24.0,48.0
Eswatini,2010,17.0,24.0,48.0
Eswatini,2011,17.0,24.0,48.0
Eswatini,2012,17.0,24.0,48.0
Eswatini,2013,17.0,24.0,48.0
Eswatini,2014,17.0,24.0,48.0
Eswatini,2015,17.0,24.0,48.0
Eswatini,2016,17.0,24.0,48.0
Eswatini,2017,17.0,24.0,48.0
Eswatini,2018,17.0,24.0,48.0
Eswatini,2019,17.0,24.0,48.0
Eswatini,2020,17.0,24.0,48.0
Ethiopia,2010,5.0,7.0,20.0
Ethiopia,2011,5.0,8.0,20.0
Ethiopia,2012,5.0,8.0,20.0
Ethiopia,2013,5.0,8.0,20.0
Ethiopia,2014,5.0,8.0,20.0
Ethiopia,2015,5.0,8.0,20.0
Ethiopia,2016,5.0,8.0,20.0
Ethiopia,2017,5.0,8.0,20.0
Ethiopia,2018,5.0,8.0,20.0
Ethiopia,2019,5.0,8.0,20.0
Ethiopia,2020,5.0,8.0,20.0
Ethiopia,2021,5.0,8.0,20.0
Ethiopia,2022,5.0,8.0,20.0
Fiji,2017,80.0,86.0,91.0
Fiji,2018,80.0,86.0,91.0
Fiji,2019,80.0,86.0,91.0
Fiji,2020,80.0,86.0,91.0
Fiji,2021,80.0,86.0,91.0
Fiji,2022,80.0,87.0,91.0
Gambia,2012,12.0,13.0,14.0
Gambia,2013,12.0,13.0,14.0
Gambia,2014,12.0,13.0,14.0
Gambia,2015,12.0,13.0,14.0
Gambia,2016,12.0,13.0,14.0
Gambia,2017,12.0,13.0,14.0
Gambia,2018,12.0,13.0,14.0
Gambia,2019,12.0,13.0,14.0
Gambia,2020,12.0,13.0,14.0
Gambia,2021,12.0,13.0,14.0
Gambia,2022,12.0,13.0,14.0
Georgia,2014,87.0,92.0,95.0
Georgia,2015,87.0,92.0,95.0
Georgia,2016,87.0,92.0,95.0
Georgia,2017,87.0,92.0,95.0
Georgia,2018,87.0,92.0,95.0
Georgia,2019,87.0,92.0,95.0
Georgia,2020,87.0,92.0,95.0
Georgia,2021,87.0,92.0,95.0
Georgia,2022,87.0,92.0,95.0
Ghana,2011,35.0,41.0,47.0
Ghana,2012,35.0,41.0,47.0
Ghana,2013,35.0,41.0,47.0
Ghana,2014,35.0,41.0,47.0
Ghana,2015,35.0,41.0,47.0
Ghana,2016,35.0,41.0,47.0
Ghana,2017,35.0,41.0,47.0
Ghana,2018,35.0,41.0,47.0
Ghana,2019,35.0,41.0,47.0
Ghana,2020,35.0,42.0,47.0
Ghana,2021,35.0,42.0,47.0
Ghana,2022,35.0,42.0,47.0
Guatemala,2011,70.0,76.0,83.0
Guatemala,2012,70.0,76.0,83.0
Guatemala,2013,70.0,76.0,83.0
Guatemala,2014,70.0,77.0,83.0
Guatemala,2015,70.0,77.0,83.0
Guatemala,2016,70.0,77.0,83.0
Guatemala,2017,70.0,77.0,83.0
Guatemala,2018,70.0,77.0,83.0
Guatemala,2019,70.0,77.0,83.0
Guinea,2014,13.0,20.0,33.0
Guinea,2015,13.0,20.0,33.0
Guinea,2016,13.0,20.0,33.0
Guinea,2017,13.0,20.0,33.0
Guinea,2018,13.0,20.0,33.0
Guinea,2019,13.0,20.0,33.0
Guinea,2020,13.0,20.0,33.0
Guinea,2021,13.0,21.0,33.0
Guinea,2022,13.0,21.0,33.0
Guinea-Bissau,2000,0.0,0.0,0.0
Guinea-Bissau,2001,0.0,0.0,0.0
Guinea-Bissau,2002,0.0,0.0,0.0
Guinea-Bissau,2003,0.0,0.0,0.0
Guinea-Bissau,2004,0.0,1.0,2.0
Guinea-Bissau,2005,0.0,1.0,2.0
Guinea-Bissau,2006,0.0,1.0,2.0
Guinea-Bissau,2007,0.0,1.0,2.0
Guinea-Bissau,2008,0.0,1.0,2.0
Guinea-Bissau,2009,0.0,1.0,4.0
Guinea-Bissau,2010,1.0,3.0,5.0
Guinea-Bissau,2011,3.0,4.0,7.0
Guinea-Bissau,2012,4.0,6.0,9.0
Guinea-Bissau,2013,5.0,7.0,11.0
Guinea-Bissau,2014,7.0,9.0,12.0
Guinea-Bissau,2015,8.0,10.0,14.0
Guinea-Bissau,2016,9.0,12.0,16.0
Guinea-Bissau,2017,11.0,14.0,18.0
Guinea-Bissau,2018,12.0,15.0,19.0
Guinea-Bissau,2019,13.0,17.0,21.0
Guinea-Bissau,2020,14.0,18.0,23.0
Guinea-Bissau,2021,16.0,20.0,25.0
Guinea-Bissau,2022,16.0,20.0,25.0
Guyana,2008,76.0,76.0,75.0
Guyana,2009,76.0,76.0,75.0
Guyana,2010,76.0,76.0,75.0
Guyana,2011,76.0,76.0,75.0
Guyana,2012,76.0,76.0,75.0
Guyana,2013,77.0,77.0,75.0
Guyana,2014,78.0,77.0,75.0
Guyana,2015,79.0,78.0,76.0
Guyana,2016,80.0,79.0,76.0
Guyana,2017,81.0,80.0,76.0
Guyana,2018,82.0,80.0,77.0
Guyana,2019,83.0,81.0,77.0
Guyana,2020,84.0,82.0,78.0
Guyana,2021,85.0,83.0,78.0
Guyana,2022,85.0,83.0,78.0
Haiti,2006,18.0,24.0,32.0
Haiti,2007,18.0,24.0,32.0
Haiti,2008,18.0,24.0,32.0
Haiti,2009,18.0,25.0,32.0
Haiti,2010,18.0,25.0,32.0
Haiti,2011,18.0,24.0,32.0
Haiti,2012,17.0,24.0,31.0
Haiti,2013,17.0,24.0,31.0
Haiti,2014,17.0,24.0,30.0
Haiti,2015,17.0,23.0,30.0
Haiti,2016,16.0,23.0,29.0
Haiti,2017,16.0,23.0,29.0
Haiti,2018,16.0,23.0,28.0
Haiti,2019,15.0,22.0,28.0
Haiti,2020,15.0,22.0,28.0
Haiti,2021,15.0,22.0,28.0
Haiti,2022,15.0,23.0,28.0
Honduras,2006,79.0,83.0,88.0
Honduras,2007,79.0,84.0,88.0
Honduras,2008,79.0,84.0,88.0
Honduras,2009,79.0,84.0,88.0
Honduras,2010,79.0,84.0,88.0
Honduras,2011,80.0,84.0,87.0
Honduras,2012,80.0,84.0,87.0
Honduras,2013,81.0,84.0,87.0
Honduras,2014,81.0,84.0,87.0
Honduras,2015,82.0,84.0,87.0
Honduras,2016,82.0,85.0,86.0
Honduras,2017,83.0,85.0,86.0
Honduras,2018,83.0,85.0,86.0
Honduras,2019,83.0,85.0,86.0
Honduras,2020,84.0,85.0,86.0
Honduras,2021,84.0,85.0,85.0
Honduras,2022,84.0,85.0,85.0
India,2010,51.0,59.0,79.0
India,2011,51.0,59.0,79.0
India,2012,51.0,60.0,79.0
India,2013,51.0,60.0,79.0
India,2014,51.0,60.0,79.0
India,2015,53.0,62.0,80.0
India,2016,56.0,64.0,81.0
India,2017,58.0,66.0,82.0
India,2018,60.0,68.0,83.0
India,2019,63.0,70.0,84.0
India,2020,65.0,72.0,85.0
India,2021,68.0,74.0,86.0
India,2022,70.0,76.0,88.0
Indonesia,2006,66.0,75.0,86.0
Indonesia,2007,66.0,75.0,86.0
Indonesia,2008,66.0,75.0,86.0
Indonesia,2009,66.0,76.0,86.0
Indonesia,2010,66.0,76.0,86.0
Indonesia,2011,66.0,76.0,86.0
Indonesia,2012,67.0,76.0,85.0
Indonesia,2013,68.0,77.0,85.0
Indonesia,2014,69.0,77.0,84.0
Indonesia,2015,70.0,77.0,84.0
Indonesia,2016,71.0,78.0,84.0
Indonesia,2017,72.0,78.0,83.0
Indonesia,2018,72.0,78.0,83.0
Indonesia,2019,73.0,78.0,82.0
Indonesia,2020,74.0,79.0,82.0
Indonesia,2021,75.0,79.0,82.0
Indonesia,2022,76.0,79.0,81.0
Iraq,2005,77.0,89.0,95.0
Iraq,2006,77.0,89.0,95.0
Iraq,2007,77.0,89.0,95.0
Iraq,2008,77.0,90.0,95.0
Iraq,2009,77.0,90.0,95.0
Iraq,2010,79.0,90.0,95.0
Iraq,2011,81.0,91.0,95.0
Iraq,2012,83.0,92.0,96.0
Iraq,2013,85.0,92.0,96.0
Iraq,2014,86.0,93.0,96.0
Iraq,2015,88.0,94.0,96.0
Iraq,2016,90.0,95.0,97.0
Iraq,2017,92.0,95.0,97.0
Iraq,2018,93.0,96.0,97.0
Iraq,2019,95.0,97.0,97.0
Iraq,2020,97.0,97.0,98.0
Iraq,2021,97.0,97.0,98.0
Iraq,2022,97.0,97.0,98.0
Jamaica,2007,63.0,67.0,69.0
Jamaica,2008,63.0,67.0,69.0
Jamaica,2009,63.0,67.0,69.0
Jamaica,2010,63.0,67.0,69.0
Jamaica,2011,63.0,67.0,69.0
Jamaica,2012,63.0,67.0,69.0
Jamaica,2013,63.0,67.0,69.0
Jamaica,2014,63.0,67.0,69.0
Jamaica,2015,63.0,67.0,69.0
Kazakhstan,2011,99.0,99.0,99.0
Kazakhstan,2012,99.0,99.0,99.0
Kazakhstan,2013,99.0,99.0,99.0
Kazakhstan,2014,99.0,99.0,99.0
Kazakhstan,2015,99.0,99.0,99.0
Kazakhstan,2016,99.0,99.0,99.0
Kazakhstan,2017,99.0,99.0,99.0
Kazakhstan,2018,99.0,99.0,99.0
Kazakhstan,2019,99.0,99.0,99.0
Kenya,2011,35.0,37.0,45.0
Kenya,2012,35.0,37.0,45.0
Kenya,2013,35.0,37.0,45.0
Kenya,2014,35.0,37.0,45.0
Kenya,2015,35.0,37.0,45.0
Kenya,2016,35.0,37.0,45.0
Kenya,2017,35.0,37.0,45.0
Kenya,2018,35.0,37.0,45.0
Kenya,2019,35.0,37.0,45.0
Kenya,2020,35.0,37.0,45.0
Kenya,2021,35.0,38.0,45.0
Kenya,2022,35.0,38.0,45.0
Kiribati,2015,51.0,55.0,59.0
Kiribati,2016,51.0,55.0,59.0
Kiribati,2017,51.0,55.0,59.0
Kiribati,2018,51.0,55.0,59.0
Kiribati,2019,51.0,56.0,59.0
Kiribati,2020,51.0,56.0,59.0
Kiribati,2021,51.0,56.0,59.0
Kiribati,2022,51.0,56.0,59.0
Kyrgyzstan,2006,80.0,84.0,90.0
Kyrgyzstan,2007,80.0,84.0,90.0
Kyrgyzstan,2008,80.0,84.0,90.0
Kyrgyzstan,2009,80.0,84.0,90.0
Kyrgyzstan,2010,80.0,84.0,90.0
Kyrgyzstan,2011,82.0,85.0,91.0
Kyrgyzstan,2012,84.0,87.0,92.0
Kyrgyzstan,2013,86.0,89.0,93.0
Kyrgyzstan,2014,88.0,90.0,94.0
Kyrgyzstan,2015,90.0,92.0,95.0
Kyrgyzstan,2016,92.0,93.0,96.0
Kyrgyzstan,2017,94.0,95.0,97.0
Kyrgyzstan,2018,96.0,97.0,98.0
Kyrgyzstan,2019,98.0,98.0,99.0
Kyrgyzstan,2020,100.0,100.0,100.0
Kyrgyzstan,2021,100.0,100.0,100.0
Kyrgyzstan,2022,100.0,100.0,100.0
Lao People's Democratic Republic,2013,46.0,54.0,73.0
Lao People's Democratic Republic,2014,46.0,55.0,73.0
Lao People's Democratic Republic,2015,46.0,55.0,73.0
Lao People's Democratic Republic,2016,46.0,55.0,73.0
Lao People's Democratic Republic,2017,46.0,55.0,73.0
Lao People's Democratic Republic,2018,46.0,55.0,73.0
Lao People's Democratic Republic,2019,46.0,55.0,73.0
Lao People's Democratic Republic,2020,46.0,56.0,73.0
Lao People's Democratic Republic,2021,46.0,56.0,73.0
Lesotho,2008,4.0,5.0,10.0
Lesotho,2009,4.0,5.0,10.0
Lesotho,2010,4.0,5.0,10.0
Lesotho,2011,4.0,5.0,10.0
Lesotho,2012,4.0,5.0,10.0
Lesotho,2013,4.0,5.0,10.0
Lesotho,2014,4.0,5.0,10.0
Lesotho,2015,4.0,5.0,10.0
Lesotho,2016,4.0,5.0,10.0
Lesotho,2017,4.0,5.0,10.0
Lesotho,2018,4.0,5.0,10.0
Lesotho,2019,4.0,5.0,10.0
Lesotho,2020,4.0,6.0,10.0
Lesotho,2021,4.0,6.0,10.0
Lesotho,2022,4.0,6.0,10.0
Liberia,2007,0.0,0.0,0.0
Liberia,2008,0.0,0.0,0.0
Liberia,2009,0.0,0.0,0.0
Liberia,2010,0.0,0.0,0.0
Liberia,2011,0.0,0.0,0.0
Liberia,2012,0.0,0.0,0.0
Liberia,2013,1.0,1.0,2.0
Liberia,2014,1.0,1.0,2.0
Liberia,2015,1.0,2.0,3.0
Liberia,2016,1.0,2.0,3.0
Liberia,2017,1.0,2.0,3.0
Liberia,2018,1.0,2.0,4.0
Liberia,2019,1.0,3.0,4.0
Liberia,2020,1.0,3.0,5.0
Liberia,2021,1.0,3.0,5.0
Liberia,2022,1.0,3.0,6.0
Madagascar,2000,17.0,24.0,43.0
Madagascar,2001,17.0,24.0,43.0
Madagascar,2002,17.0,24.0,43.0
Madagascar,2003,16.0,24.0,43.0
Madagascar,2004,16.0,24.0,42.0
Madagascar,2005,16.0,24.0,42.0
Madagascar,2006,16.0,24.0,42.0
Madagascar,2007,16.0,24.0,41.0
Madagascar,2008,16.0,24.0,41.0
Madagascar,2009,16.0,24.0,41.0
Madagascar,2010,16.0,24.0,40.0
Madagascar,2011,16.0,24.0,40.0
Madagascar,2012,16.0,24.0,39.0
Madagascar,2013,16.0,24.0,39.0
Madagascar,2014,16.0,24.0,39.0
Madagascar,2015,16.0,24.0,38.0
Madagascar,2016,16.0,24.0,38.0
Madagascar,2017,16.0,24.0,38.0
Madagascar,2018,15.0,24.0,37.0
Madagascar,2019,15.0,24.0,37.0
Madagascar,2020,15.0,24.0,37.0
Madagascar,2021,15.0,23.0,36.0
Madagascar,2022,15.0,23.0,36.0
Malawi,2000,13.0,15.0,33.0
Malawi,2001,13.0,15.0,33.0
Malawi,2002,13.0,15.0,32.0
Malawi,2003,13.0,15.0,32.0
Malawi,2004,13.0,15.0,32.0
Malawi,2005,13.0,15.0,32.0
Malawi,2006,13.0,15.0,31.0
Malawi,2007,13.0,15.0,31.0
Malawi,2008,13.0,15.0,31.0
Malawi,2009,13.0,15.0,31.0
Malawi,2010,13.0,15.0,31.0
Malawi,2011,13.0,15.0,30.0
Malawi,2012,13.0,15.0,30.0
Malawi,2013,13.0,15.0,30.0
Malawi,2014,13.0,15.0,30.0
Malawi,2015,13.0,15.0,29.0
Malawi,2016,13.0,15.0,29.0
Malawi,2017,13.0,15.0,29.0
Malawi,2018,13.0,15.0,29.0
Malawi,2019,13.0,15.0,29.0
Malawi,2020,13.0,15.0,28.0
Malawi,2021,13.0,15.0,28.0
Malawi,2022,13.0,15.0,28.0
Maldives,2013,95.0,96.0,97.0
Maldives,2014,95.0,96.0,97.0
Maldives,2015,95.0,96.0,97.0
Maldives,2016,95.0,96.0,97.0
Maldives,2017,95.0,96.0,97.0
Maldives,2018,95.0,96.0,97.0
Maldives,2019,95.0,96.0,97.0
Maldives,2020,95.0,96.0,97.0
Maldives,2021,95.0,96.0,97.0
Mali,2014,9.0,16.0,27.0
Mali,2015,9.0,16.0,27.0
Mali,2016,9.0,16.0,27.0
Mali,2017,9.0,17.0,27.0
Mali,2018,9.0,17.0,27.0
Mali,2019,9.0,17.0,27.0
Mali,2020,9.0,17.0,27.0
Mali,2021,9.0,17.0,27.0
Mali,2022,9.0,17.0,27.0
Marshall Islands,2013,80.0,85.0,86.0
Marshall Islands,2014,80.0,85.0,86.0
Marshall Islands,2015,80.0,85.0,86.0
Marshall Islands,2016,80.0,85.0,86.0
Marshall Islands,2017,80.0,85.0,86.0
Marshall Islands,2018,80.0,85.0,86.0
Marshall Islands,2019,80.0,85.0,86.0
Marshall Islands,2020,80.0,85.0,86.0
Marshall Islands,2021,80.0,85.0,86.0
Mauritania,2009,41.0,54.0,69.0
Mauritania,2010,41.0,54.0,69.0
Mauritania,2011,41.0,54.0,69.0
Mauritania,2012,41.0,54.0,69.0
Mauritania,2013,41.0,55.0,69.0
Mauritania,2014,39.0,53.0,68.0
Mauritania,2015,36.0,52.0,66.0
Mauritania,2016,34.0,50.0,65.0
Mauritania,2017,31.0,49.0,64.0
Mauritania,2018,29.0,47.0,63.0
Mauritania,2019,27.0,46.0,62.0
Mauritania,2020,24.0,45.0,61.0
Mauritania,2021,22.0,43.0,60.0
Mauritania,2022,19.0,42.0,59.0
Mexico,2009,91.0,91.0,91.0
Mexico,2010,91.0,91.0,91.0
Mexico,2011,91.0,91.0,91.0
Mexico,2012,91.0,91.0,91.0
Mexico,2013,91.0,91.0,91.0
Mexico,2014,91.0,91.0,91.0
Mexico,2015,91.0,91.0,91.0
Mexico,2016,92.0,92.0,92.0
Mexico,2017,92.0,92.0,92.0
Mexico,2018,92.0,92.0,92.0
Mexico,2019,93.0,93.0,93.0
Mexico,2020,93.0,93.0,93.0
Mexico,2021,94.0,94.0,94.0
Mexico,2022,94.0,94.0,94.0
Mongolia,2004,32.0,59.0,77.0
Mongolia,2005,32.0,60.0,77.0
Mongolia,2006,32.0,60.0,77.0
Mongolia,2007,32.0,61.0,77.0
Mongolia,2008,32.0,61.0,77.0
Mongolia,2009,36.0,64.0,78.0
Mongolia,2010,40.0,66.0,79.0
Mongolia,2011,44.0,68.0,80.0
Mongolia,2012,48.0,70.0,81.0
Mongolia,2013,52.0,72.0,82.0
Mongolia,2014,56.0,74.0,83.0
Mongolia,2015,60.0,76.0,84.0
Mongolia,2016,65.0,78.0,85.0
Mongolia,2017,69.0,80.0,86.0
Mongolia,2018,73.0,82.0,87.0
Mongolia,2019,77.0,84.0,88.0
Mongolia,2020,81.0,86.0,89.0
Mongolia,2021,81.0,86.0,89.0
Mongolia,2022,81.0,86.0,89.0
Montenegro,2014,99.0,99.0,99.0
Montenegro,2015,99.0,99.0,99.0
Montenegro,2016,99.0,99.0,99.0
Montenegro,2017,99.0,99.0,99.0
Montenegro,2018,99.0,99.0,99.0
Montenegro,2019,99.0,99.0,99.0
Montenegro,2020,99.0,99.0,99.0
Montenegro,2021,99.0,99.0,99.0
Montenegro,2022,99.0,99.0,99.0
Mozambique,2007,8.0,12.0,21.0
Mozambique,2008,8.0,12.0,21.0
Mozambique,2009,8.0,12.0,21.0
Mozambique,2010,8.0,12.0,21.0
Mozambique,2011,8.0,12.0,21.0
Mozambique,2012,8.0,12.0,21.0
Mozambique,2013,8.0,12.0,21.0
Mozambique,2014,8.0,12.0,21.0
Mozambique,2015,8.0,12.0,21.0
Myanmar,2010,71.0,74.0,83.0
Myanmar,2011,71.0,74.0,83.0
Myanmar,2012,71.0,74.0,83.0
Myanmar,2013,71.0,74.0,83.0
Myanmar,2014,71.0,74.0,83.0
Myanmar,2015,71.0,74.0,83.0
Myanmar,2016,71.0,74.0,83.0
Myanmar,2017,71.0,74.0,83.0
Myanmar,2018,71.0,74.0,83.0
Myanmar,2019,71.0,74.0,83.0
Myanmar,2020,71.0,75.0,83.0
Myanmar,2021,71.0,75.0,83.0
Myanmar,2022,71.0,75.0,83.0
Namibia,2009,27.0,42.0,62.0
Namibia,2010,27.0,42.0,62.0
Namibia,2011,27.0,42.0,62.0
Namibia,2012,27.0,43.0,62.0
Namibia,2013,27.0,43.0,62.0
Namibia,2014,27.0,43.0,62.0
Namibia,2015,27.0,44.0,62.0
Namibia,2016,27.0,44.0,62.0
Namibia,2017,27.0,45.0,62.0
Nepal,2005,41.0,46.0,75.0
Nepal,2006,41.0,46.0,75.0
Nepal,2007,41.0,47.0,75.0
Nepal,2008,41.0,47.0,75.0
Nepal,2009,41.0,47.0,75.0
Nepal,2010,43.0,48.0,75.0
Nepal,2011,44.0,50.0,75.0
Nepal,2012,46.0,51.0,75.0
Nepal,2013,48.0,53.0,75.0
Nepal,2014,49.0,54.0,75.0
Nepal,2015,51.0,55.0,75.0
Nepal,2016,52.0,57.0,75.0
Nepal,2017,54.0,58.0,75.0
Nepal,2018,56.0,59.0,75.0
Nepal,2019,57.0,61.0,75.0
Nepal,2020,59.0,62.0,75.0
Nepal,2021,60.0,63.0,75.0
Nepal,2022,60.0,64.0,75.0
Niger,2000,2.0,6.0,29.0
Niger,2001,2.0,6.0,29.0
Niger,2002,2.0,6.0,29.0
Niger,2003,2.0,6.0,29.0
Niger,2004,2.0,6.0,29.0
Niger,2005,3.0,7.0,29.0
Niger,2006,4.0,8.0,30.0
Niger,2007,5.0,9.0,31.0
Niger,2008,6.0,10.0,31.0
Niger,2009,8.0,11.0,32.0
Niger,2010,9.0,13.0,32.0
Niger,2011,10.0,14.0,33.0
Niger,2012,11.0,15.0,34.0
Niger,2013,12.0,16.0,34.0
Niger,2014,13.0,17.0,35.0
Niger,2015,15.0,18.0,35.0
Niger,2016,16.0,19.0,36.0
Niger,2017,17.0,20.0,37.0
Niger,2018,18.0,21.0,37.0
Niger,2019,19.0,22.0,38.0
Niger,2020,20.0,23.0,39.0
Niger,2021,22.0,25.0,39.0
Niger,2022,22.0,25.0,39.0
Nigeria,2011,23.0,30.0,38.0
Nigeria,2012,23.0,30.0,38.0
Nigeria,2013,23.0,30.0,38.0
Nigeria,2014,23.0,30.0,38.0
Nigeria,2015,23.0,30.0,38.0
Nigeria,2016,23.0,30.0,38.0
Nigeria,2017,23.0,30.0,38.0
Nigeria,2018,23.0,31.0,38.0
Nigeria,2019,23.0,31.0,38.0
Nigeria,2020,23.0,31.0,38.0
Nigeria,2021,23.0,31.0,38.0
Nigeria,2022,23.0,31.0,38.0
North Macedonia,2000,100.0,100.0,100.0
North Macedonia,2001,100.0,100.0,100.0
North Macedonia,2002,100.0,100.0,100.0
North Macedonia,2003,100.0,100.0,100.0
North Macedonia,2004,100.0,100.0,100.0
North Macedonia,2005,100.0,100.0,100.0
North Macedonia,2006,100.0,100.0,100.0
North Macedonia,2007,100.0,100.0,100.0
North Macedonia,2008,100.0,100.0,100.0
North Macedonia,2009,100.0,100.0,100.0
North Macedonia,2010,100.0,100.0,100.0
North Macedonia,2011,100.0,100.0,100.0
North Macedonia,2012,100.0,100.0,100.0
North Macedonia,2013,100.0,100.0,100.0
North Macedonia,2014,100.0,100.0,100.0
North Macedonia,2015,100.0,100.0,100.0
North Macedonia,2016,100.0,100.0,100.0
North Macedonia,2017,100.0,100.0,100.0
North Macedonia,2018,100.0,100.0,100.0
North Macedonia,2019,100.0,100.0,100.0
North Macedonia,2020,100.0,100.0,100.0
North Macedonia,2021,100.0,100.0,100.0
North Macedonia,2022,100.0,100.0,100.0
Oman,2013,0.0,97.0,0.0
Oman,2014,0.0,97.0,0.0
Oman,2015,0.0,97.0,0.0
Oman,2016,0.0,97.0,0.0
Oman,2017,0.0,97.0,0.0
Oman,2018,0.0,97.0,0.0
Oman,2019,0.0,97.0,0.0
Oman,2020,0.0,97.0,0.0
Oman,2021,0.0,97.0,0.0
Pakistan,2007,37.0,52.0,81.0
Pakistan,2008,37.0,52.0,81.0
Pakistan,2009,37.0,52.0,81.0
Pakistan,2010,37.0,52.0,81.0
Pakistan,2011,37.0,52.0,81.0
Pakistan,2012,41.0,55.0,82.0
Pakistan,2013,45.0,58.0,83.0
Pakistan,2014,49.0,61.0,84.0
Pakistan,2015,53.0,64.0,85.0
Pakistan,2016,56.0,67.0,86.0
Pakistan,2017,60.0,70.0,87.0
Pakistan,2018,64.0,73.0,88.0
Pakistan,2019,68.0,76.0,89.0
Pakistan,2020,72.0,79.0,90.0
Pakistan,2021,76.0,82.0,91.0
Pakistan,2022,80.0,85.0,92.0
Papua New Guinea,2014,25.0,30.0,62.0
Papua New Guinea,2015,25.0,30.0,62.0
Papua New Guinea,2016,25.0,30.0,62.0
Papua New Guinea,2017,25.0,30.0,62.0
Papua New Guinea,2018,25.0,30.0,62.0
Papua New Guinea,2019,25.0,30.0,62.0
Papua New Guinea,2020,25.0,30.0,62.0
Papua New Guinea,2021,25.0,30.0,62.0
Papua New Guinea,2022,25.0,30.0,62.0
Paraguay,2012,72.0,80.0,85.0
Paraguay,2013,72.0,80.0,85.0
Paraguay,2014,72.0,80.0,85.0
Paraguay,2015,72.0,80.0,85.0
Paraguay,2016,72.0,80.0,85.0
Paraguay,2017,72.0,80.0,85.0
Paraguay,2018,72.0,80.0,85.0
Paraguay,2019,72.0,80.0,85.0
Paraguay,2020,72.0,80.0,85.0
Peru,2009,45.0,0.0,0.0
Peru,2010,45.0,0.0,0.0
Peru,2011,45.0,0.0,0.0
Peru,2012,45.0,0.0,0.0
Peru,2013,45.0,0.0,0.0
Peru,2014,48.0,0.0,0.0
Peru,2015,51.0,0.0,0.0
Peru,2016,54.0,0.0,0.0
Peru,2017,56.0,0.0,0.0
Peru,2018,59.0,0.0,0.0
Peru,2019,62.0,0.0,0.0
Peru,2020,64.0,0.0,0.0
Peru,2021,67.0,0.0,0.0
Peru,2022,70.0,0.0,0.0
Philippines,2011,79.0,82.0,85.0
Philippines,2012,79.0,82.0,85.0
Philippines,2013,79.0,82.0,85.0
Philippines,2014,79.0,82.0,85.0
Philippines,2015,79.0,82.0,85.0
Philippines,2016,79.0,82.0,85.0
Philippines,2017,79.0,82.0,85.0
Philippines,2018,79.0,82.0,85.0
Philippines,2019,79.0,82.0,85.0
Philippines,2020,79.0,82.0,85.0
Philippines,2021,79.0,82.0,85.0
Philippines,2022,79.0,82.0,85.0
Republic of Moldova,2008,82.0,87.0,93.0
Republic of Moldova,2009,82.0,87.0,93.0
Republic of Moldova,2010,82.0,87.0,93.0
Republic of Moldova,2011,82.0,87.0,93.0
Republic of Moldova,2012,82.0,87.0,93.0
Republic of Moldova,2013,82.0,87.0,93.0
Republic of Moldova,2014,82.0,87.0,93.0
Republic of Moldova,2015,82.0,87.0,93.0
Republic of Moldova,2016,82.0,87.0,93.0
Rwanda,2000,0.0,0.0,0.0
Rwanda,2001,0.0,0.0,1.0
Rwanda,2002,0.0,1.0,5.0
Rwanda,2003,0.0,1.0,7.0
Rwanda,2004,0.0,2.0,8.0
Rwanda,2005,1.0,3.0,9.0
Rwanda,2006,2.0,4.0,11.0
Rwanda,2007,3.0,5.0,12.0
Rwanda,2008,4.0,6.0,13.0
Rwanda,2009,5.0,7.0,14.0
Rwanda,2010,6.0,7.0,16.0
Rwanda,2011,7.0,8.0,17.0
Rwanda,2012,8.0,9.0,18.0
Rwanda,2013,9.0,10.0,19.0
Rwanda,2014,10.0,11.0,21.0
Rwanda,2015,10.0,12.0,22.0
Rwanda,2016,11.0,13.0,23.0
Rwanda,2017,12.0,14.0,24.0
Rwanda,2018,13.0,15.0,26.0
Rwanda,2019,14.0,16.0,27.0
Rwanda,2020,15.0,17.0,28.0
Rwanda,2021,16.0,18.0,29.0
Rwanda,2022,16.0,18.0,29.0
Saint Lucia,2008,87.0,87.0,88.0
Saint Lucia,2009,87.0,87.0,88.0
Saint Lucia,2010,87.0,87.0,88.0
Saint Lucia,2011,87.0,87.0,88.0
Saint Lucia,2012,87.0,87.0,88.0
Saint Lucia,2013,87.0,87.0,88.0
Saint Lucia,2014,87.0,87.0,88.0
Saint Lucia,2015,87.0,87.0,88.0
Saint Lucia,2016,87.0,87.0,88.0
Samoa,2016,69.0,72.0,84.0
Samoa,2017,69.0,72.0,84.0
Samoa,2018,69.0,72.0,84.0
Samoa,2019,69.0,72.0,84.0
Samoa,2020,69.0,72.0,84.0
Samoa,2021,69.0,72.0,84.0
Samoa,2022,69.0,72.0,84.0
Sao Tome and Principe,2008,49.0,39.0,32.0
Sao Tome and Principe,2009,49.0,38.0,32.0
Sao Tome and Principe,2010,49.0,38.0,32.0
Sao Tome and Principe,2011,49.0,38.0,32.0
Sao Tome and Principe,2012,49.0,38.0,32.0
Sao Tome and Principe,2013,48.0,40.0,36.0
Sao Tome and Principe,2014,48.0,42.0,39.0
Sao Tome and Principe,2015,47.0,44.0,43.0
Sao Tome and Principe,2016,46.0,46.0,46.0
Sao Tome and Principe,2017,46.0,48.0,49.0
Sao Tome and Principe,2018,45.0,51.0,53.0
Sao Tome and Principe,2019,44.0,53.0,56.0
Sao Tome and Principe,2020,44.0,55.0,59.0
Sao Tome and Principe,2021,43.0,58.0,63.0
Sao Tome and Principe,2022,43.0,58.0,63.0
Senegal,2011,10.0,21.0,35.0
Senegal,2012,10.0,21.0,35.0
Senegal,2013,10.0,21.0,35.0
Senegal,2014,10.0,21.0,35.0
Senegal,2015,10.0,21.0,35.0
Senegal,2016,10.0,22.0,35.0
Senegal,2017,10.0,22.0,35.0
Senegal,2018,10.0,22.0,35.0
Senegal,2019,10.0,22.0,35.0
Senegal,2020,10.0,22.0,35.0
Senegal,2021,10.0,22.0,35.0
Senegal,2022,10.0,22.0,35.0
Serbia,2006,98.0,98.0,98.0
Serbia,2007,98.0,98.0,98.0
Serbia,2008,98.0,98.0,98.0
Serbia,2009,98.0,98.0,98.0
Serbia,2010,98.0,98.0,98.0
Serbia,2011,98.0,98.0,98.0
Serbia,2012,98.0,98.0,98.0
Serbia,2013,98.0,98.0,98.0
Serbia,2014,98.0,98.0,98.0
Sierra Leone,2004,5.0,11.0,20.0
Sierra Leone,2005,5.0,11.0,20.0
Sierra Leone,2006,5.0,11.0,20.0
Sierra Leone,2007,5.0,11.0,20.0
Sierra Leone,2008,5.0,11.0,20.0
Sierra Leone,2009,6.0,11.0,20.0
Sierra Leone,2010,7.0,12.0,20.0
Sierra Leone,2011,7.0,13.0,20.0
Sierra Leone,2012,8.0,13.0,20.0
Sierra Leone,2013,9.0,14.0,21.0
Sierra Leone,2014,10.0,14.0,21.0
Sierra Leone,2015,10.0,15.0,21.0
Sierra Leone,2016,11.0,15.0,21.0
Sierra Leone,2017,12.0,15.0,21.0
Sierra Leone,2018,12.0,16.0,21.0
Sierra Leone,2019,13.0,16.0,21.0
Sierra Leone,2020,14.0,17.0,21.0
Sierra Leone,2021,15.0,17.0,21.0
Sierra Leone,2022,15.0,18.0,21.0
Solomon Islands,2009,28.0,0.0,0.0
Solomon Islands,2010,28.0,0.0,0.0
Solomon Islands,2011,28.0,37.0,71.0
Solomon Islands,2012,28.0,37.0,71.0
Solomon Islands,2013,28.0,37.0,71.0
Solomon Islands,2014,28.0,38.0,71.0
Solomon Islands,2015,28.0,38.0,71.0
Solomon Islands,2016,28.0,38.0,71.0
Solomon Islands,2017,28.0,38.0,71.0
Solomon Islands,2018,28.0,38.0,71.0
Solomon Islands,2019,28.0,39.0,71.0
Solomon Islands,2020,28.0,0.0,0.0
Solomon Islands,2021,28.0,0.0,0.0
Solomon Islands,2022,28.0,0.0,0.0
Somalia,2013,19.0,24.0,32.0
Somalia,2014,19.0,25.0,32.0
Somalia,2015,19.0,25.0,32.0
Somalia,2016,19.0,25.0,32.0
Somalia,2017,19.0,25.0,32.0
Somalia,2018,19.0,25.0,32.0
Somalia,2019,19.0,25.0,32.0
Somalia,2020,19.0,25.0,32.0
Somalia,2021,19.0,25.0,32.0
Somalia,2022,19.0,25.0,32.0
South Africa,2012,27.0,43.0,53.0
South Africa,2013,27.0,43.0,53.0
South Africa,2014,27.0,44.0,53.0
South Africa,2015,27.0,44.0,53.0
South Africa,2016,27.0,44.0,53.0
South Africa,2017,27.0,44.0,53.0
South Africa,2018,27.0,44.0,53.0
South Africa,2019,27.0,44.0,53.0
South Africa,2020,27.0,44.0,53.0
South Sudan,2015,0.0,6.0,0.0
South Sudan,2016,0.0,6.0,0.0
South Sudan,2017,0.0,6.0,0.0
South Sudan,2018,0.0,6.0,0.0
South Sudan,2019,0.0,6.0,0.0
South Sudan,2020,0.0,6.0,0.0
South Sudan,2021,0.0,6.0,0.0
South Sudan,2022,0.0,6.0,0.0
Sri Lanka,2017,83.0,85.0,93.0
Sri Lanka,2018,83.0,85.0,93.0
Sri Lanka,2019,83.0,85.0,93.0
Sri Lanka,2020,83.0,85.0,93.0
Sri Lanka,2021,83.0,85.0,93.0
Sri Lanka,2022,83.0,85.0,93.0
Sudan,2008,0.0,27.0,0.0
Sudan,2009,0.0,27.0,0.0
Sudan,2010,0.0,27.0,0.0
Sudan,2011,0.0,27.0,0.0
Sudan,2012,0.0,27.0,0.0
Sudan,2013,0.0,25.0,0.0
Sudan,2014,0.0,23.0,0.0
Sudan,2015,0.0,21.0,0.0
Sudan,2016,0.0,20.0,0.0
Sudan,2017,0.0,18.0,0.0
Sudan,2018,0.0,16.0,0.0
Sudan,2019,0.0,14.0,0.0
Sudan,2020,0.0,13.0,0.0
Sudan,2021,0.0,11.0,0.0
Sudan,2022,0.0,11.0,0.0
Suriname,2014,67.0,72.0,75.0
Suriname,2015,67.0,72.0,75.0
Suriname,2016,67.0,72.0,75.0
Suriname,2017,67.0,72.0,75.0
Suriname,2018,67.0,72.0,75.0
Suriname,2019,67.0,72.0,75.0
Suriname,2020,67.0,72.0,75.0
Suriname,2021,67.0,72.0,75.0
Suriname,2022,67.0,72.0,75.0
Syrian Arab Republic,2012,81.0,84.0,87.0
Syrian Arab Republic,2013,81.0,84.0,87.0
Syrian Arab Republic,2014,81.0,84.0,87.0
Syrian Arab Republic,2015,81.0,84.0,87.0
Syrian Arab Republic,2016,81.0,84.0,87.0
Syrian Arab Republic,2017,81.0,84.0,87.0
Syrian Arab Republic,2018,81.0,84.0,87.0
Syrian Arab Republic,2019,81.0,84.0,87.0
Syrian Arab Republic,2020,81.0,84.0,87.0
Syrian Arab Republic,2021,81.0,84.0,87.0
Syrian Arab Republic,2022,81.0,84.0,87.0
Tajikistan,2006,67.0,72.0,89.0
Tajikistan,2007,67.0,72.0,89.0
Tajikistan,2008,67.0,72.0,89.0
Tajikistan,2009,67.0,72.0,89.0
Tajikistan,2010,67.0,72.0,89.0
Tajikistan,2011,67.0,72.0,88.0
Tajikistan,2012,67.0,72.0,88.0
Tajikistan,2013,67.0,72.0,88.0
Tajikistan,2014,67.0,73.0,88.0
Tajikistan,2015,67.0,73.0,88.0
Tajikistan,2016,67.0,73.0,87.0
Tajikistan,2017,67.0,73.0,87.0
Tajikistan,2018,67.0,73.0,87.0
Tajikistan,2019,68.0,73.0,87.0
Tajikistan,2020,68.0,73.0,87.0
Tajikistan,2021,68.0,73.0,87.0
Tajikistan,2022,68.0,73.0,87.0
Thailand,2010,83.0,85.0,87.0
Thailand,2011,83.0,85.0,87.0
Thailand,2012,83.0,85.0,87.0
Thailand,2013,83.0,85.0,87.0
Thailand,2014,83.0,85.0,87.0
Thailand,2015,83.0,85.0,87.0
Thailand,2016,83.0,85.0,87.0
Thailand,2017,83.0,85.0,87.0
Thailand,2018,83.0,85.0,87.0
Thailand,2019,83.0,85.0,87.0
Thailand,2020,83.0,85.0,87.0
Thailand,2021,83.0,85.0,87.0
Thailand,2022,83.0,85.0,87.0
Timor-Leste,2012,22.0,28.0,43.0
Timor-Leste,2013,22.0,28.0,43.0
Timor-Leste,2014,22.0,28.0,43.0
Timor-Leste,2015,22.0,28.0,43.0
Timor-Leste,2016,22.0,28.0,43.0
Timor-Leste,2017,22.0,28.0,43.0
Timor-Leste,2018,22.0,28.0,43.0
Timor-Leste,2019,22.0,28.0,43.0
Timor-Leste,2020,22.0,28.0,43.0
Togo,2004,2.0,7.0,18.0
Togo,2005,2.0,7.0,18.0
Togo,2006,2.0,8.0,18.0
Togo,2007,2.0,8.0,18.0
Togo,2008,2.0,8.0,18.0
Togo,2009,3.0,9.0,19.0
Togo,2010,3.0,9.0,19.0
Togo,2011,4.0,10.0,20.0
Togo,2012,5.0,11.0,21.0
Togo,2013,6.0,12.0,22.0
Togo,2014,6.0,13.0,23.0
Togo,2015,7.0,14.0,24.0
Togo,2016,8.0,14.0,24.0
Togo,2017,8.0,15.0,25.0
Togo,2018,9.0,16.0,26.0
Togo,2019,10.0,17.0,27.0
Togo,2020,10.0,17.0,27.0
Togo,2021,10.0,17.0,27.0
Togo,2022,10.0,17.0,27.0
Tonga,2015,66.0,70.0,80.0
Tonga,2016,66.0,70.0,80.0
Tonga,2017,66.0,70.0,80.0
Tonga,2018,66.0,70.0,80.0
Tonga,2019,66.0,70.0,80.0
Tonga,2020,66.0,70.0,80.0
Tonga,2021,66.0,70.0,80.0
Tonga,2022,66.0,70.0,80.0
Trinidad and Tobago,2007,0.0,90.0,0.0
Trinidad and Tobago,2008,0.0,90.0,0.0
Trinidad and Tobago,2009,0.0,90.0,0.0
Trinidad and Tobago,2010,0.0,90.0,0.0
Trinidad and Tobago,2011,0.0,90.0,0.0
Trinidad and Tobago,2012,0.0,90.0,0.0
Trinidad and Tobago,2013,0.0,90.0,0.0
Trinidad and Tobago,2014,0.0,90.0,0.0
Trinidad and Tobago,2015,0.0,90.0,0.0
Tunisia,2006,67.0,87.0,97.0
Tunisia,2007,67.0,87.0,97.0
Tunisia,2008,67.0,87.0,97.0
Tunisia,2009,67.0,87.0,97.0
Tunisia,2010,67.0,87.0,97.0
Tunisia,2011,67.0,87.0,96.0
Tunisia,2012,67.0,86.0,96.0
Tunisia,2013,67.0,86.0,95.0
Tunisia,2014,67.0,86.0,95.0
Tunisia,2015,67.0,86.0,94.0
Tunisia,2016,67.0,85.0,94.0
Tunisia,2017,67.0,85.0,93.0
Tunisia,2018,67.0,85.0,93.0
Tunisia,2019,67.0,84.0,92.0
Tunisia,2020,67.0,84.0,91.0
Tunisia,2021,67.0,84.0,91.0
Tunisia,2022,67.0,84.0,91.0
Turkmenistan,2000,61.0,71.0,83.0
Turkmenistan,2001,63.0,73.0,84.0
Turkmenistan,2002,65.0,74.0,85.0
Turkmenistan,2003,68.0,76.0,86.0
Turkmenistan,2004,70.0,78.0,87.0
Turkmenistan,2005,73.0,80.0,88.0
Turkmenistan,2006,75.0,82.0,89.0
Turkmenistan,2007,77.0,83.0,90.0
Turkmenistan,2008,80.0,85.0,91.0
Turkmenistan,2009,82.0,87.0,92.0
Turkmenistan,2010,85.0,89.0,93.0
Turkmenistan,2011,87.0,91.0,94.0
Turkmenistan,2012,89.0,92.0,95.0
Turkmenistan,2013,92.0,94.0,96.0
Turkmenistan,2014,94.0,96.0,98.0
Turkmenistan,2015,97.0,98.0,99.0
Turkmenistan,2016,99.0,99.0,100.0
Turkmenistan,2017,100.0,100.0,100.0
Turkmenistan,2018,100.0,100.0,100.0
Turkmenistan,2019,100.0,100.0,100.0
Turkmenistan,2020,100.0,100.0,100.0
Turkmenistan,2021,100.0,100.0,100.0
Turkmenistan,2022,100.0,100.0,100.0
Tuvalu,2016,96.0,94.0,93.0
Tuvalu,2017,96.0,94.0,93.0
Tuvalu,2018,96.0,94.0,93.0
Tuvalu,2019,96.0,94.0,93.0
Tuvalu,2020,96.0,94.0,93.0
Tuvalu,2021,96.0,94.0,93.0
Tuvalu,2022,96.0,94.0,93.0
Uganda,2000,1.0,2.0,6.0
Uganda,2001,2.0,3.0,8.0
Uganda,2002,3.0,4.0,10.0
Uganda,2003,4.0,5.0,12.0
Uganda,2004,5.0,7.0,14.0
Uganda,2005,6.0,8.0,16.0
Uganda,2006,7.0,9.0,18.0
Uganda,2007,9.0,10.0,19.0
Uganda,2008,10.0,12.0,21.0
Uganda,2009,11.0,13.0,23.0
Uganda,2010,12.0,14.0,25.0
Uganda,2011,13.0,16.0,27.0
Uganda,2012,14.0,17.0,29.0
Uganda,2013,15.0,18.0,31.0
Uganda,2014,16.0,20.0,32.0
Uganda,2015,17.0,21.0,34.0
Uganda,2016,18.0,22.0,36.0
Uganda,2017,20.0,24.0,38.0
Uganda,2018,21.0,25.0,40.0
Uganda,2019,22.0,27.0,42.0
Uganda,2020,23.0,28.0,44.0
Uganda,2021,24.0,29.0,45.0
Uganda,2022,25.0,31.0,47.0
United Republic of Tanzania,2010,22.0,27.0,40.0
United Republic of Tanzania,2011,22.0,27.0,40.0
United Republic of Tanzania,2012,22.0,28.0,40.0
United Republic of Tanzania,2013,22.0,28.0,40.0
United Republic of Tanzania,2014,22.0,28.0,40.0
United Republic of Tanzania,2015,22.0,28.0,40.0
United Republic of Tanzania,2016,22.0,28.0,40.0
United Republic of Tanzania,2017,22.0,28.0,40.0
United Republic of Tanzania,2018,22.0,28.0,40.0
United Republic of Tanzania,2019,22.0,29.0,40.0
United Republic of Tanzania,2020,22.0,29.0,40.0
United Republic of Tanzania,2021,22.0,29.0,40.0
United Republic of Tanzania,2022,22.0,29.0,40.0
Uzbekistan,2018,75.0,82.0,88.0
Uzbekistan,2019,75.0,82.0,88.0
Uzbekistan,2020,75.0,82.0,88.0
Uzbekistan,2021,75.0,82.0,88.0
Uzbekistan,2022,75.0,82.0,88.0
Vanuatu,2007,18.0,27.0,56.0
Vanuatu,2008,18.0,27.0,56.0
Vanuatu,2009,18.0,27.0,56.0
Vanuatu,2010,18.0,27.0,56.0
Vanuatu,2011,18.0,27.0,56.0
Vanuatu,2012,23.0,32.0,58.0
Vanuatu,2013,28.0,36.0,60.0
Vanuatu,2014,33.0,41.0,62.0
Vanuatu,2015,39.0,45.0,65.0
Vanuatu,2016,44.0,49.0,67.0
Vanuatu,2017,49.0,54.0,69.0
Vanuatu,2018,54.0,58.0,71.0
Vanuatu,2019,59.0,63.0,73.0
Vanuatu,2020,64.0,67.0,75.0
Vanuatu,2021,69.0,71.0,77.0
Vanuatu,2022,75.0,76.0,80.0
Viet Nam,2005,82.0,84.0,92.0
Viet Nam,2006,82.0,84.0,92.0
Viet Nam,2007,82.0,84.0,92.0
Viet Nam,2008,82.0,85.0,92.0
Viet Nam,2009,82.0,85.0,92.0
Viet Nam,2010,82.0,85.0,92.0
Viet Nam,2011,82.0,85.0,92.0
Viet Nam,2012,82.0,86.0,93.0
Viet Nam,2013,82.0,86.0,93.0
Viet Nam,2014,83.0,86.0,93.0
Viet Nam,2015,83.0,86.0,93.0
Viet Nam,2016,83.0,87.0,94.0
Viet Nam,2017,83.0,87.0,94.0
Viet Nam,2018,84.0,87.0,94.0
Viet Nam,2019,84.0,88.0,94.0
Viet Nam,2020,84.0,88.0,95.0
Viet Nam,2021,84.0,88.0,95.0
Viet Nam,2022,85.0,89.0,95.0
Yemen,2009,36.0,47.0,70.0
Yemen,2010,36.0,47.0,70.0
Yemen,2011,36.0,47.0,70.0
Yemen,2012,36.0,48.0,70.0
Yemen,2013,36.0,48.0,70.0
Yemen,2014,36.0,48.0,70.0
Yemen,2015,36.0,48.0,70.0
Yemen,2016,36.0,48.0,70.0
Yemen,2017,36.0,49.0,70.0
Zambia,2008,9.0,17.0,29.0
Zambia,2009,9.0,17.0,29.0
Zambia,2010,9.0,17.0,29.0
Zambia,2011,9.0,17.0,29.0
Zambia,2012,9.0,17.0,29.0
Zambia,2013,9.0,17.0,29.0
Zambia,2014,9.0,17.0,29.0
Zambia,2015,9.0,17.0,29.0
Zambia,2016,9.0,18.0,29.0
Zambia,2017,9.0,18.0,29.0
Zambia,2018,9.0,18.0,29.0
Zambia,2019,9.0,18.0,29.0
Zambia,2020,9.0,18.0,29.0
Zambia,2021,9.0,18.0,29.0
Zambia,2022,9.0,18.0,29.0
Zimbabwe,2009,36.0,43.0,56.0
Zimbabwe,2010,36.0,43.0,56.0
Zimbabwe,2011,36.0,43.0,56.0
Zimbabwe,2012,36.0,43.0,56.0
Zimbabwe,2013,36.0,43.0,56.0
Zimbabwe,2014,36.0,42.0,56.0
Zimbabwe,2015,36.0,42.0,56.0
Zimbabwe,2016,36.0,42.0,56.0
Zimbabwe,2017,36.0,42.0,56.0
Zimbabwe,2018,36.0,42.0,56.0
Zimbabwe,2019,36.0,42.0,56.0
Zimbabwe,2020,36.0,42.0,56.0
Zimbabwe,2021,36.0,42.0,56.0
Zimbabwe,2022,36.0,42.0,56.0
"occupied Palestinian territory, including east Jerusalem",2014,96.0,95.0,95.0
"occupied Palestinian territory, including east Jerusalem",2015,96.0,95.0,95.0
"occupied Palestinian territory, including east Jerusalem",2016,96.0,95.0,95.0
"occupied Palestinian territory, including east Jerusalem",2017,96.0,95.0,95.0
"occupied Palestinian territory, including east Jerusalem",2018,96.0,95.0,95.0
"occupied Palestinian territory, including east Jerusalem",2019,96.0,95.0,95.0
"occupied Palestinian territory, including east Jerusalem",2020,96.0,95.0,95.0
"occupied Palestinian territory, including east Jerusalem",2021,96.0,95.0,95.0
"occupied Palestinian territory, including east Jerusalem",2022,96.0,95.0,95.0
